Name,CR,Hit Points,Armor Class,StatTotal,dResists,dVuln,dImm,cImm,MaxDamage,Legendary Actions,Legendary Resistances,Feature Quantity
Aarakocra Simulacrum,0.125,6,12,68,False,False,False,False,5,0,0,2
Aarakocra,0.25,13,12,68,False,False,False,False,5,0,0,1
Aboleth Spawn,5.0,93,14,76,True,False,False,True,43,0,0,3
Aboleth,10.0,135,17,96,False,False,False,False,36,3,0,3
Abominable Yeti,9.0,137,15,87,False,False,True,False,49,0,0,3
Abyssal Chicken,0.25,10,13,51,True,False,True,True,9,0,0,1
Abyssal Wretch,0.25,18,11,50,True,False,True,True,5,0,0,0
Adult Blue Dragon,16.0,225,19,108,False,False,True,False,66,3,3,0
Adult Brass Dragon,13.0,172,18,98,False,False,True,False,45,3,3,0
Adult Copper Dragon,14.0,184,18,106,False,False,True,False,54,3,3,0
Adult Deep Dragon,11.0,147,17,102,True,False,False,True,33,3,3,0
Adult Lunar Dragon,13.0,172,17,93,False,False,True,False,39,2,2,2
Adult Red Dragon,17.0,256,19,112,False,False,True,False,63,3,3,0
Adult Silver Dragon,16.0,243,19,112,False,False,True,False,58,3,3,0
Adult Solar Dragon,14.0,200,17,106,False,False,True,True,55,3,2,4
Adult White Dragon,13.0,200,18,86,False,False,True,False,54,3,3,1
Air Elemental Myrmidon,7.0,117,18,75,True,False,True,True,24,0,0,0
Air Elemental,5.0,90,15,70,True,False,True,True,28,0,0,1
Akroan Hoplite,3.0,52,18,84,False,False,False,False,6,0,0,1
Albino Dwarf Warrior,0.25,30,13,80,True,False,False,False,4,0,0,1
Alkilith,11.0,168,17,77,True,False,True,True,54,0,0,7
Allip,5.0,40,13,81,True,False,True,True,17,0,0,2
Allowak Abominable Yeti,9.0,137,15,95,False,False,True,False,49,0,0,3
Allowak Yeti,3.0,51,12,85,False,False,True,False,24,0,0,3
Almiraj,0.0,3,13,54,False,False,False,False,5,0,0,2
Alyxian Aboleth,12.0,135,17,99,False,False,False,False,24,3,0,3
Amphisbaena,3.0,60,12,59,False,False,False,False,13,0,0,0
Ancient Blue Dragon,23.0,481,22,122,False,False,True,False,88,3,3,0
Ancient Brass Dragon,20.0,297,20,112,False,False,True,False,56,3,3,0
Ancient Copper Dragon,21.0,350,21,120,False,False,True,False,63,3,3,0
Ancient Deep Dragon,18.0,201,20,117,True,False,False,True,49,3,3,0
Ancient Dragon Turtle,24.0,409,22,117,False,False,True,True,71,3,3,3
Ancient Lunar Dragon,19.0,297,18,107,False,False,True,False,45,3,3,2
Ancient Red Dragon,24.0,546,22,125,False,False,True,False,91,3,3,0
Ancient Silver Dragon,23.0,487,22,125,False,False,True,False,67,3,3,0
Ancient Solar Dragon,21.0,425,18,120,False,False,True,True,66,3,3,4
Ancient White Dragon,20.0,333,20,99,False,False,True,False,72,3,3,1
Angry Sorrowsworn,13.0,255,18,73,True,False,False,False,32,0,0,2
Anhkolox,9.0,157,15,71,False,False,True,True,57,0,0,1
Animated Ballista,2.0,50,15,41,False,False,True,True,16,0,0,0
Animated Breath,6.0,95,17,69,True,False,False,True,26,0,0,3
Animated Broom,0.25,17,15,44,False,False,True,True,5,0,0,2
Animated Chained Library,1.0,45,14,44,False,False,True,True,6,0,0,1
Animated Glass Statue,1.0,22,10,65,False,False,False,True,16,0,0,2
Animated Jade Serpent,0.25,11,14,56,False,False,True,True,6,0,0,0
Animated Stove,3.0,50,17,41,False,False,False,False,22,0,0,0
Ankheg,2.0,39,11,61,False,False,False,False,10,0,0,0
Ankylosaurus,3.0,68,15,64,False,False,False,False,18,0,0,0
Anvilwrought Raptor,0.5,18,14,60,False,False,True,True,10,0,0,2
Ape,0.5,19,12,69,False,False,False,False,12,0,0,0
Aquatic Ghoul,1.0,22,12,61,False,False,True,True,9,0,0,0
Aquatic Troll,5.0,84,15,74,True,False,False,False,29,0,0,3
Arasta,21.0,300,19,117,True,False,True,True,54,3,3,4
Archer,3.0,75,16,79,False,False,False,False,22,0,0,0
Arclight Phoenix,12.0,142,16,78,True,False,True,True,27,0,0,5
Armored Saber-Toothed Tiger,3.0,84,17,70,False,False,False,False,12,0,0,2
Ash Zombie,0.25,22,8,49,False,False,True,True,4,0,0,2
Ashen Animated Armor,1.0,33,18,43,False,False,True,True,5,0,0,3
Ashen Flying Sword,0.25,17,17,45,False,False,True,True,5,0,0,3
Ashen Heir Assassin,8.0,78,15,75,True,False,False,False,12,0,0,3
Ashen Heir Veteran,3.0,58,17,74,False,False,False,False,20,0,0,0
Ashen Knight,3.0,52,18,78,False,False,True,False,10,0,0,2
Ashen Shambling Mound,5.0,136,15,62,True,False,True,True,13,0,0,2
Ashen Veteran,3.0,58,17,74,False,False,True,False,20,0,0,1
Ashen Warhorse,0.5,19,11,64,False,False,True,False,11,0,0,2
Aspect of Bahamut,30.0,585,23,160,False,False,True,True,67,3,5,1
Aspect of Tiamat,30.0,574,23,141,False,False,True,True,44,3,5,1
Assassin,8.0,78,15,75,True,False,False,False,12,0,0,3
Astral Blight,1.0,26,12,57,True,False,False,False,12,0,0,2
Astral Dreadnought,21.0,297,20,97,True,False,False,True,74,3,3,5
Astral Elf Honor Guard,5.0,93,17,90,False,False,False,False,44,0,0,2
Astral Elf Warrior,3.0,58,16,84,False,False,False,False,16,0,0,2
Atropal,13.0,225,7,114,False,True,True,True,36,3,0,3
Aurochs,2.0,38,11,68,False,False,False,False,14,0,0,0
Aurumvorax Den Leader,4.0,52,16,70,False,False,False,True,35,0,0,2
Autognome,2.0,39,16,56,False,False,True,True,14,0,0,1
Awakened Brown Bear,1.0,34,11,75,False,False,False,False,19,0,0,1
Awakened Giant Wasp,0.5,13,12,57,False,False,False,False,5,0,0,0
Awakened Rat,0.0,1,10,46,False,False,False,False,0,0,0,1
Awakened Zurkhwood,2.0,59,13,67,True,True,False,False,14,0,0,2
Axe Beak,0.25,19,11,55,False,False,False,False,6,0,0,0
Axe of Mirabar Soldier,3.0,67,18,76,True,False,False,False,20,0,0,1
Azer,2.0,39,17,79,False,False,True,True,7,0,0,3
B\'rohg,6.0,92,14,78,False,False,False,False,94,0,0,0
Baaz Draconian,0.5,22,14,63,False,False,False,False,8,0,0,3
Badger,0.0,3,10,46,False,False,False,False,0,0,0,1
Balhannoth,11.0,114,17,72,False,False,False,True,39,3,2,0
Balor,19.0,262,19,121,True,False,True,True,36,0,0,4
Banderhobb,5.0,84,15,85,False,False,False,True,25,0,0,1
Bandit Captain,2.0,65,15,84,False,False,False,False,17,0,0,0
Bandit,0.125,11,12,65,False,False,False,False,5,0,0,0
Banshee,4.0,58,12,65,True,False,True,True,12,0,0,2
Barbed Devil,5.0,110,15,91,True,False,True,True,32,0,0,3
Barovian Commoner,0.0,4,10,60,False,False,False,False,3,0,0,0
Barovian Scout,0.5,16,13,72,False,False,False,False,6,0,0,1
Basilisk,3.0,52,15,56,False,False,False,False,10,0,0,1
Battlehammer Dwarf,0.5,16,13,72,True,False,False,False,6,0,0,2
Bat,0.0,1,12,43,False,False,False,False,0,0,0,2
Bearded Devil,3.0,52,13,77,True,False,True,True,14,0,0,3
Behir,11.0,168,17,90,False,False,True,False,66,0,0,0
Beholder,13.0,180,18,91,False,False,False,True,36,3,0,1
Belashyrra,22.0,304,19,135,True,False,False,True,83,3,3,5
Big Xorn,8.0,103,19,84,True,False,False,False,49,0,0,3
Black Abishai,7.0,58,15,85,True,False,True,True,20,0,0,2
Black Bear,0.5,19,11,60,False,False,False,False,12,0,0,1
Black Earth Guard,2.0,39,18,71,False,False,False,False,7,0,0,0
Black Greatwyrm,27.0,533,22,141,False,False,True,True,78,3,4,2
Black Pudding,4.0,85,7,45,False,False,True,True,6,0,0,3
Blink Dog,0.25,22,13,75,False,False,False,False,4,0,0,1
Blistercoil Weird,4.0,45,13,69,True,False,True,True,7,0,0,4
Blood Drinker Vampire,8.0,90,16,99,True,False,False,False,8,0,0,0
Blood Hawk,0.125,7,12,52,False,False,False,False,4,0,0,2
Blood-Toll Harpy,0.125,9,11,65,False,False,False,False,6,0,0,2
Bloodfray Giant,6.0,103,14,76,False,False,False,False,16,0,0,0
Blue Dragon Wyrmling,3.0,52,17,80,False,False,True,False,22,0,0,0
Blue Greatwyrm,27.0,533,22,141,False,False,True,True,78,3,4,2
Bodak,6.0,58,15,77,True,False,True,True,22,0,0,3
Bodytaker Plant,7.0,92,16,92,False,True,False,True,33,0,0,3
Boggle,0.125,18,14,64,True,False,False,False,2,0,0,0
Bone Devil,9.0,142,19,95,True,False,True,True,29,0,0,2
Bone Whelk,0.25,27,12,44,False,False,False,False,4,0,0,3
Boneclaw,12.0,150,16,87,True,False,False,True,40,0,0,2
Boneless,1.0,26,12,57,True,False,False,True,5,0,0,2
Booyahg Whip,0.25,7,15,58,False,False,False,False,5,0,0,2
Booyahg Wielder,0.25,7,15,58,False,False,False,False,5,0,0,2
Borborygmos,18.0,270,14,100,True,False,False,True,46,3,3,2
Brackish Trudge,3.0,68,12,69,True,False,False,False,16,0,0,1
Brass Dragon Wyrmling,1.0,16,16,72,False,False,True,False,14,0,0,0
Brass Greatwyrm,28.0,565,22,148,False,False,True,True,84,3,4,2
Bridesmaid of Zuggtmoy,0.125,22,13,76,False,False,False,False,0,0,0,1
Bristled Moorbounder,3.0,52,15,66,False,False,False,False,25,0,0,2
Broken King Antigonos,3.0,38,14,76,False,False,False,False,17,0,0,4
Brontosaurus,5.0,121,15,66,False,False,False,False,32,0,0,0
Bronze Greatwyrm,28.0,565,22,148,False,False,True,True,84,3,4,2
Broom of Animated Attack,0.25,17,15,44,False,False,True,True,5,0,0,3
Brown Bear,1.0,34,11,67,False,False,False,False,19,0,0,1
Brown Scavver,4.0,51,13,62,False,False,False,False,11,0,0,1
Bugbear Chief,3.0,65,17,79,False,False,False,False,12,0,0,3
Bulezau,3.0,52,14,69,True,False,True,True,8,0,0,3
Bullywug Croaker,2.0,33,15,70,False,False,False,False,9,0,0,4
Bullywug Knight,3.0,66,18,75,False,False,False,False,16,0,0,3
Bullywug Royal,3.0,52,15,77,False,False,False,False,16,0,0,6
Bullywug,0.25,11,15,61,False,False,False,False,7,0,0,4
Burnished Hart,2.0,45,14,66,False,False,True,True,12,0,0,3
Burrowshark,4.0,82,18,80,False,False,False,False,7,0,0,1
Cadaver Collector,14.0,189,17,79,False,False,True,True,36,0,0,2
Camel,0.125,15,9,53,False,False,False,False,2,0,0,0
Canoloth,8.0,120,16,79,True,False,True,True,24,0,0,3
Canopic Golem,13.0,252,17,69,False,False,True,True,27,0,0,2
Carnivorous Flower,5.0,114,14,71,False,False,False,False,26,0,0,1
Carrion Crawler,2.0,51,13,61,False,False,False,False,11,0,0,2
Carrion Ogre,2.0,59,11,58,False,False,False,False,11,0,0,1
Carrion Stalker,3.0,35,14,55,False,False,False,True,22,0,0,0
Carrionette,1.0,27,15,73,True,False,False,True,3,0,0,2
Cat,0.0,2,12,50,False,False,False,False,0,0,0,1
Cave Badger,0.25,13,12,57,False,False,False,False,10,0,0,2
Cave Bear,2.0,42,12,68,False,False,False,False,21,0,0,1
Cave Fisher,3.0,58,16,59,False,False,False,False,20,0,0,2
Chain Devil,8.0,85,16,88,True,False,True,True,22,0,0,2
Chamberlain of Zuggtmoy,2.0,45,13,69,True,False,False,False,20,0,0,2
Champion,9.0,143,18,85,False,False,False,False,41,0,0,1
Changeling,0.5,22,13,75,False,False,False,False,8,0,0,1
Chardalyn Berserker,4.0,90,13,74,False,False,False,False,7,0,0,2
Chardalyn Dragon,11.0,147,17,77,True,False,True,True,58,0,0,4
Chasme,6.0,84,15,77,True,False,True,True,16,0,0,3
Chimera,6.0,114,14,76,False,False,False,False,63,0,0,0
Chimeric Cat,0.0,2,12,50,False,False,False,False,0,0,0,1
Chimeric Fox,0.0,2,13,50,False,False,False,False,0,0,0,2
Chimeric Hare,0.0,1,13,44,False,False,False,False,0,0,0,1
Chimeric Rat,0.0,1,10,38,False,False,False,False,0,0,0,2
Chimeric Weasel,0.0,1,13,44,False,False,False,False,0,0,0,2
Choker,1.0,13,16,66,False,False,False,False,10,0,0,3
Chuul Spore Servant,4.0,93,16,54,False,False,True,True,22,0,0,0
Chuul,4.0,93,16,66,False,False,True,True,22,0,0,2
Clay Gladiator,5.0,112,17,86,False,False,True,True,11,0,0,3
Clay Golem,9.0,133,14,59,False,False,True,True,32,0,0,5
Clockwork Behir,11.0,168,17,90,False,False,True,True,66,0,0,0
Clockwork Bronze Scout,1.0,36,13,55,False,False,True,True,14,0,0,3
Clockwork Defender,1.0,42,17,67,False,False,True,True,7,0,0,1
Clockwork Iron Cobra,4.0,91,13,56,False,False,True,True,6,0,0,2
Clockwork Mule,0.125,11,10,54,False,False,True,True,4,0,0,3
Clockwork Oaken Bolter,5.0,117,16,59,False,False,True,True,39,0,0,2
Clockwork Observer,0.0,7,14,49,False,False,True,True,0,0,0,3
Clockwork Stone Defender,4.0,105,16,60,False,False,True,True,11,0,0,2
Cockatrice,0.5,27,11,50,False,False,False,False,3,0,0,0
Coldlight Walker,5.0,82,13,68,False,False,True,True,25,0,0,3
Colossus of Akros,23.0,350,21,78,False,False,True,True,36,0,0,5
Commoner,0.0,4,10,60,False,False,False,False,2,0,0,0
Conservatory Student,0.125,9,11,76,False,False,False,False,0,0,0,0
Constrictor Snake,0.25,13,12,55,False,False,False,False,6,0,0,0
Constructed Commoner,0.0,6,15,65,False,False,True,True,2,0,0,1
Copper Dragon Wyrmling,1.0,22,16,78,False,False,True,False,18,0,0,0
Copper Greatwyrm,28.0,565,22,148,False,False,True,True,84,3,4,2
Core Spawn Seer,13.0,153,17,101,False,False,True,True,36,0,0,2
Core Spawn Worm,15.0,279,18,69,False,True,True,True,55,0,0,3
Corrupted Avatar of Lurue,8.0,90,14,91,False,False,True,True,64,0,0,0
Corrupted Giant Shark,9.0,126,13,71,False,False,False,False,22,0,0,3
Cosmic Horror,18.0,280,15,125,False,False,True,True,58,3,3,1
Crag Cat,1.0,34,13,75,False,False,False,False,8,0,0,3
Cranium Rat,0.0,2,12,49,False,False,False,False,0,0,0,1
Crushing Wave Reaver,0.5,22,14,71,False,False,False,False,6,0,0,0
Crystal Golem,10.0,178,17,66,False,False,True,True,38,0,0,5
Cultist,0.125,9,12,64,False,False,False,False,4,0,0,1
Cyclops,6.0,138,14,77,False,False,False,False,38,0,0,1
Daemogoth Titan,16.0,203,17,124,False,False,True,True,34,3,3,1
Daemogoth,10.0,157,16,106,False,False,True,True,66,0,0,1
Damaged Flesh Golem,1.0,5,9,67,False,False,True,True,13,0,0,6
Dancing Flame,4.0,66,15,85,True,False,False,False,32,0,0,2
Dark Tide Knight,3.0,58,13,79,False,False,False,False,12,0,0,2
Darkling Elder,2.0,27,15,79,False,False,False,False,12,0,0,1
Darkling,0.5,13,14,69,False,False,False,False,5,0,0,2
Death Dog,1.0,39,12,65,False,False,False,False,10,0,0,1
Death Embrace,11.0,147,13,76,False,False,False,True,26,0,0,3
Death Kiss,10.0,142,15,82,False,False,True,True,99,0,0,1
Death Tyrant,14.0,187,19,91,False,False,True,True,36,3,0,1
Death\'s Head of Bhaal,5.0,76,15,103,False,False,False,False,14,0,0,2
Death\'s Head,0.5,17,16,55,True,False,False,False,4,0,0,2
Deep Dragon Wyrmling,1.0,27,15,73,True,False,False,True,7,0,0,0
Deep Roth\xc3\xa9,0.25,13,10,58,False,False,False,False,7,0,0,1
Deer,0.0,4,13,59,False,False,False,False,2,0,0,0
Demogorgon,4.0,60,15,64,False,False,False,False,31,0,0,3
Demos Magen,2.0,51,16,73,False,False,True,True,9,0,0,3
Detached Shadow,0.5,16,12,57,True,True,True,True,9,0,0,3
Devourer,13.0,189,16,91,True,False,True,True,68,0,0,1
Diatryma,0.25,19,11,55,False,False,False,False,6,0,0,0
Dimetrodon,0.25,19,12,56,False,False,False,False,9,0,0,0
Dining Table Mimic,3.0,75,12,70,False,False,True,True,21,0,0,4
Dire Wolf,1.0,37,14,69,False,False,False,False,10,0,0,2
Displacer Beast Kitten,0.125,9,12,57,False,False,False,False,0,0,0,1
Displacer Beast,3.0,85,13,75,False,False,False,False,14,0,0,2
Diva,0.5,16,13,72,False,False,False,False,5,0,0,1
Dolgaunt,3.0,33,16,82,False,False,False,True,35,0,0,2
Dolgrim,0.5,13,15,67,False,False,False,False,6,0,0,1
Doomwake Giant,11.0,162,15,100,False,False,True,True,40,0,0,2
Dracohydra,11.0,218,17,82,False,False,False,False,0,0,0,3
Draconian Dreadnought,4.0,57,16,76,False,False,False,False,34,0,0,1
Draconian Foot Soldier,0.5,22,14,63,False,False,False,False,8,0,0,2
Draconian Infiltrator,3.0,39,15,75,False,False,True,True,5,0,0,2
Dracophage Subject,3.0,39,15,78,False,False,True,True,5,0,0,2
Draft Horse,0.25,19,10,60,False,False,False,False,9,0,0,0
Dragon Army Officer,3.0,65,19,83,False,False,False,False,16,0,0,1
Dragon Army Soldier,1.0,22,17,69,False,False,False,False,17,0,0,1
Dragon Chosen,3.0,45,17,87,False,False,False,True,21,0,0,0
Dragon Hunter,3.0,58,13,74,False,False,False,False,20,0,0,0
Dragon Tortoise,17.0,341,20,89,True,False,False,False,84,0,0,0
Dragonbone Golem,11.0,161,17,71,False,False,True,True,36,0,0,3
Dragonborn of Bahamut,8.0,93,18,93,False,False,False,True,44,0,1,0
Dragonborn of Tiamat,7.0,85,18,87,False,False,False,True,36,0,1,0
Dragonclaw,1.0,16,14,71,False,False,False,False,6,0,0,3
Dragonfang,5.0,78,15,79,True,False,False,False,6,0,0,4
Dragonflesh Abomination,6.0,66,15,72,False,False,False,True,44,0,0,2
Dragonflesh Grafter,3.0,52,14,67,False,False,False,False,19,0,0,0
Dragonsoul,7.0,110,16,84,True,False,False,False,6,0,0,4
Dragonwing,2.0,33,14,75,True,False,False,False,6,0,0,4
Dretch,0.25,18,11,50,True,False,True,True,8,0,0,0
Drowned Ascetic,3.0,75,13,61,False,False,True,True,21,0,0,3
Drowned Assassin,4.0,67,14,81,False,False,True,True,22,0,0,3
Drowned Blade,2.0,45,10,57,False,False,True,True,14,0,0,3
Drowned Master,9.0,157,14,80,False,False,True,True,27,0,0,3
Dryad Spirit,4.0,58,12,65,True,False,True,True,12,0,0,2
Duergar Alchemist,1.0,26,16,69,True,False,False,False,7,0,0,2
Duergar Kavalrachni,2.0,26,16,69,True,False,False,False,12,0,0,3
Duergar Mind Master,2.0,39,14,79,True,False,False,False,10,0,0,2
Duergar Screamer,3.0,38,15,52,False,False,True,True,17,0,0,0
Duergar Soulblade,1.0,27,14,75,True,False,False,False,10,0,0,2
Duergar Spore Servant,0.5,26,16,48,True,False,False,True,6,0,0,0
Duergar Spy,2.0,33,15,73,True,False,False,False,12,0,0,4
Duergar Stone Guard,2.0,39,18,73,True,False,False,False,21,0,0,3
Duergar Warlord,6.0,75,20,84,True,False,False,False,34,0,0,2
Duergar Xarrorn,2.0,26,18,71,True,False,False,False,10,0,0,2
Duergar,1.0,26,16,69,True,False,False,False,6,0,0,2
Dullahan,10.0,135,16,90,True,False,False,True,14,3,2,2
Duodrone,0.25,11,15,59,False,False,False,False,12,0,0,2
Dyrrn,24.0,325,21,142,True,False,False,True,55,3,3,4
Eagle,0.0,3,12,54,False,False,False,False,4,0,0,1
Earth Elemental Myrmidon,7.0,127,18,73,True,False,True,True,22,0,0,0
Earth Elemental,5.0,126,17,68,True,True,True,True,28,0,0,2
Eater of Hope,6.0,90,17,89,True,False,True,True,26,0,0,2
Eidolon,12.0,63,9,73,True,False,True,True,0,0,0,4
Elder Black Pudding,4.0,130,7,45,False,False,True,True,6,0,0,3
Elder Brain Dragon,22.0,350,17,129,False,False,True,True,55,3,4,2
Elder Tempest,23.0,264,19,115,True,False,True,True,46,3,3,4
Eldritch Horror Hatchling,2.0,39,11,61,False,False,False,False,10,0,0,0
Elephant,4.0,76,12,68,False,False,False,False,22,0,0,1
Elise,5.0,93,9,67,False,False,True,True,26,0,0,4
Emerald Enclave Scout,0.5,19,16,74,True,False,False,False,7,0,0,2
Enormous Tentacle,2.0,60,12,59,False,False,False,False,13,0,0,1
Erinyes,12.0,153,18,98,True,False,True,True,8,0,0,2
Esthetic,12.0,217,14,64,False,False,True,True,34,0,0,3
Eternal Flame Guardian,2.0,45,15,74,True,False,False,False,6,0,0,1
Ettin,4.0,85,12,70,False,False,False,False,28,0,0,2
Expeditious Messenger,0.125,7,13,62,False,False,True,True,5,0,0,2
Eye Monger,10.0,149,17,77,False,False,False,False,12,0,0,3
Eyedrake,8.0,119,16,86,False,False,False,True,39,0,0,1
Falcon,0.0,1,13,51,False,False,False,False,0,0,0,1
Fastieth,0.25,9,14,59,False,False,False,False,8,0,0,1
Felbarren Dwarf,0.125,11,16,68,True,False,False,False,4,0,0,1
Felidar,5.0,93,17,93,False,False,False,False,31,0,0,3
Female Steeder,1.0,30,14,60,False,False,False,False,7,0,0,2
Feyr,5.0,88,16,82,False,False,False,True,27,0,0,1
Fiendish Flesh Golem,8.0,210,12,71,True,False,True,True,32,0,0,5
Fire Elemental Myrmidon,7.0,123,18,75,True,False,True,True,21,0,0,2
Fire Elemental,5.0,102,13,66,True,False,True,True,20,0,0,3
Fire Giant Dreadnought,14.0,187,21,88,False,False,True,False,74,0,0,1
Fire Giant Royal Headsman,9.0,162,18,94,False,False,True,False,29,0,0,0
Fire Giant Servant,5.0,105,13,68,False,False,True,False,36,0,0,0
Fire Giant,9.0,162,18,94,False,False,True,False,56,0,0,0
Fire Snake,1.0,22,14,62,True,True,True,False,6,0,0,1
Fish,0.0,1,13,37,False,False,False,False,0,0,0,1
Five-Armed Troll,8.0,84,15,74,False,False,False,False,62,0,0,2
Flail Snail,3.0,52,16,60,False,False,True,True,25,0,0,1
Fleecemane Lion,3.0,45,15,79,False,False,False,False,15,2,0,4
Flesh Golem,5.0,93,9,67,False,False,True,True,26,0,0,6
Flind,9.0,127,16,89,False,False,False,False,48,0,0,1
Flitterstep Eidolon,3.0,44,14,72,True,False,True,True,6,0,0,4
Flumph,0.125,7,12,70,False,True,False,False,4,0,0,3
Fluxcharger,7.0,60,16,71,True,False,True,True,42,0,0,1
Flying Horror,3.0,49,16,74,False,True,False,True,8,0,0,2
Flying Monkey,0.0,3,12,56,False,False,False,False,1,0,0,2
Flying Rocking Horse,0.125,22,15,38,False,False,True,True,3,0,0,3
Fomorian,8.0,149,14,82,False,False,False,False,46,0,0,0
Four-Armed Troll,6.0,84,15,74,False,False,False,False,11,0,0,2
Fox,0.0,2,13,50,False,False,False,False,0,0,0,1
Fractal Mascot,0.25,27,12,61,False,False,True,True,3,0,0,1
Froghemoth,10.0,161,14,75,True,False,False,False,60,0,0,2
Frost Giant Everlasting One,12.0,189,15,89,False,False,True,False,81,0,0,2
Frost Giant Servant,5.0,105,13,68,False,False,True,False,36,0,0,0
Frost Giant Skeleton,6.0,102,14,66,False,True,True,True,50,0,0,1
Frost Giant Zombie,9.0,138,15,64,False,False,True,True,35,0,0,2
Frost Giant,8.0,138,15,84,False,False,True,False,50,0,0,0
Frost Salamander,9.0,168,17,75,False,True,True,False,44,0,0,1
Frost Worm,17.0,264,18,69,False,True,True,False,44,0,0,3
Fume Drake,0.25,22,12,59,False,False,True,True,4,0,0,2
Gaj,4.0,75,16,75,False,False,False,False,26,0,0,0
Galeb Duhr,6.0,85,16,88,True,False,True,True,12,0,0,2
Gallows Speaker,6.0,85,12,72,True,False,True,True,19,0,0,3
Galvan Magen,3.0,68,14,75,False,False,True,True,22,0,0,3
Gas Spore,0.5,1,5,12,False,False,True,True,0,0,0,2
Gauth,6.0,52,15,83,False,False,False,True,18,0,0,2
Gearkeeper Construct,10.0,161,18,69,True,False,True,True,48,0,0,3
Gem Stalker,5.0,67,17,77,True,False,False,False,40,0,0,2
Ghast,2.0,36,13,72,True,False,True,True,12,0,0,2
Ghost Dragon,17.0,324,10,105,True,False,True,True,60,0,3,2
Ghostblade Eidolon,5.0,55,12,82,True,False,True,True,14,0,0,3
Ghost,4.0,45,11,69,True,False,True,True,17,0,0,2
Ghoul,1.0,22,12,61,False,False,True,True,9,0,0,0
Giant Ape,7.0,157,12,81,False,False,False,False,44,0,0,0
Giant Badger,0.25,13,10,57,False,False,False,False,10,0,0,1
Giant Bat,0.25,22,13,62,False,False,False,False,5,0,0,2
Giant Canary,0.5,26,12,54,False,False,False,False,7,0,0,0
Giant Centipede,0.25,4,13,42,False,False,False,False,4,0,0,0
Giant Constrictor Snake,2.0,60,12,59,False,False,False,False,13,0,0,0
Giant Coral Snake,4.0,90,13,57,False,False,False,False,8,0,0,0
Giant Dragonfly,0.5,22,16,60,False,False,False,False,6,0,0,1
Giant Eagle,1.0,26,13,78,False,False,False,False,16,0,0,1
Giant Ice Toad,3.0,52,14,67,False,False,True,False,10,0,0,3
Giant Lightning Eel,3.0,42,13,61,True,False,False,False,20,0,0,1
Giant Lizard,0.25,19,12,57,False,False,False,False,6,0,0,0
Giant Octopus,1.0,52,11,61,False,False,False,False,10,0,0,3
Giant Owl,0.25,19,12,71,False,False,False,False,8,0,0,2
Giant Poisonous Snake,0.25,11,14,56,False,False,False,False,6,0,0,0
Giant Rat,0.125,7,12,49,False,False,False,False,4,0,0,2
Giant Raven,1.0,22,10,65,False,False,False,False,16,0,0,2
Giant Rocktopus,1.0,52,11,61,False,False,False,False,10,0,0,1
Giant Scorpion,3.0,52,15,56,False,False,False,False,19,0,0,0
Giant Sea Eel,0.5,19,14,61,False,False,False,False,13,0,0,1
Giant Sea Horse,0.5,16,13,57,False,False,False,False,4,0,0,2
Giant Shark,5.0,126,13,71,False,False,False,False,22,0,0,2
Giant Skeleton,7.0,115,17,67,False,True,True,True,45,0,0,3
Giant Snail,0.25,22,11,45,False,False,False,False,5,0,0,1
Giant Snapping Turtle,3.0,75,12,62,False,False,False,False,18,0,0,2
Giant Space Hamster,0.25,22,11,54,False,False,False,False,7,0,0,0
Giant Strider,1.0,22,14,67,False,False,True,False,14,0,0,1
Giant Subterranean Lizard,4.0,66,14,66,False,False,False,False,44,0,0,0
Giant Swan,1.0,26,13,78,False,False,False,False,12,0,0,1
Giant Vulture,1.0,22,10,65,False,False,False,False,16,0,0,2
Giant Wasp,0.5,13,12,48,False,False,False,False,5,0,0,0
Giant Weasel,0.125,9,13,58,False,False,False,False,5,0,0,1
Giant White Moray Eel,2.0,60,12,59,False,False,False,False,11,0,0,1
Giff Shipmate,3.0,75,12,84,False,False,False,False,24,0,0,2
Giff Shock Trooper,6.0,93,18,88,False,False,False,False,45,0,0,3
Giff Warlord,10.0,178,17,101,False,False,False,False,28,3,2,1
Giff,3.0,60,16,84,False,False,False,False,31,0,0,2
Gingwatzim,2.0,39,12,55,False,False,True,True,16,0,0,1
Girallon,4.0,59,13,74,False,False,False,False,35,0,0,0
Gladiator,5.0,112,16,86,False,False,False,False,11,0,0,2
Glass Pegasus,2.0,59,13,87,False,False,False,True,11,0,0,0
Glasswork Golem,2.0,36,13,45,False,False,True,True,10,0,0,4
Gloamwing,8.0,136,16,72,True,False,True,True,33,0,0,3
Gloomstalker,6.0,90,15,88,False,True,False,False,28,0,0,2
Gnoll Flesh Gnawer,1.0,22,14,64,False,False,False,False,14,0,0,0
Gnoll Hunter,0.5,22,13,68,False,False,False,False,19,0,0,0
Gnoll Vampire,8.0,93,17,83,True,False,False,False,22,0,0,6
Gnoll Witherling,0.25,11,12,49,False,False,True,True,12,0,0,1
Gold Greatwyrm,28.0,565,22,148,False,False,True,True,84,3,4,2
Gold-Forged Sentinel,5.0,76,16,79,False,False,True,True,27,0,0,2
Goliath Warrior,3.0,67,12,80,True,False,False,False,34,0,0,2
Goliath Werebear,8.0,161,12,83,True,True,True,False,16,0,0,4
Gorgon,5.0,114,19,70,False,False,False,True,18,0,0,1
Gray Ooze,0.5,22,8,43,True,False,False,True,4,0,0,3
Gray Render,12.0,189,19,69,False,False,False,False,43,0,0,0
Gray Scavver,0.25,19,12,56,False,False,False,False,7,0,0,1
Greater Death Dragon,14.0,230,16,88,True,False,True,True,45,3,3,1
Greater Star Spawn Emissary,21.0,290,15,137,True,False,False,True,55,3,4,1
Green Greatwyrm,27.0,533,22,141,False,False,True,True,78,3,4,2
Grell,3.0,55,12,74,False,False,True,True,14,0,0,0
Gremishka,0.125,10,12,57,False,False,False,False,4,0,0,0
Grick Alpha,7.0,75,18,76,True,False,False,False,46,0,0,1
Grick,2.0,27,14,61,True,False,False,False,14,0,0,1
Griffon Cavalry Rider,2.0,58,17,75,False,False,False,False,8,0,0,0
Griffon,2.0,59,12,72,False,False,False,False,19,0,0,1
Grimlock,0.25,11,11,63,False,False,False,True,5,0,0,3
Grung Elite Warrior,2.0,49,13,71,False,False,True,True,6,0,0,4
Grung,0.25,11,12,67,False,False,True,True,4,0,0,4
Guard Drake,2.0,52,14,64,False,False,False,False,13,0,0,0
Guardian Giant,8.0,137,19,103,False,False,False,False,51,0,0,1
Guardian Wolf,4.0,66,14,77,False,False,False,False,26,0,0,2
Guard,0.125,11,16,68,False,False,False,False,4,0,0,0
Hadozee Explorer,2.0,49,15,85,False,False,False,False,16,0,0,1
Hadozee Shipmate,0.125,9,12,72,False,False,False,False,4,0,0,1
Hadozee Warrior,0.5,16,16,75,False,False,False,False,12,0,0,1
Hadrosaurus,0.25,19,11,55,False,False,False,False,7,0,0,0
Haint,7.0,75,12,79,True,False,True,True,42,0,0,2
Halaster Horror,4.0,60,20,77,True,False,True,True,16,0,0,2
Half-Blue Dragon Gladiator,5.0,112,16,86,True,False,False,False,22,0,0,2
Half-Green Dragon Assassin,8.0,78,15,75,True,False,False,False,21,0,0,3
Half-Ogre (Ogrillon),1.0,30,12,67,False,False,False,False,12,0,0,0
Half-Red Dragon Gladiator,5.0,112,16,86,True,False,False,False,24,0,0,2
Half-Red Dragon Veteran,5.0,65,18,74,True,False,False,False,24,0,0,0
Hare,0.0,1,13,44,False,False,False,False,0,0,0,1
Harpy Matriarch,5.0,88,14,76,False,False,False,False,26,0,0,2
Harpy,1.0,38,11,67,False,False,False,False,9,0,0,0
Hawk,0.0,1,13,51,False,False,False,False,0,0,0,1
Headless Iron Golem,10.0,150,20,68,False,False,True,True,23,0,0,5
Hell Hound,3.0,45,15,68,False,False,True,False,21,0,0,2
Hellfire Engine,16.0,216,18,73,True,False,True,True,28,0,0,3
Hellwasp Grub,0.25,4,13,42,False,False,False,False,4,0,0,0
Helmed Horror,4.0,60,20,77,True,False,True,True,16,0,0,2
Hill Giant Sergeant,5.0,115,16,68,False,False,False,False,36,0,0,0
Hill Giant Servant,2.0,59,11,62,False,False,False,False,13,0,0,0
Hill Giant Subchief,7.0,126,17,89,False,False,False,False,38,0,0,0
Hill Giant,5.0,105,13,68,False,False,False,False,36,0,0,0
Hippogriff,1.0,19,11,65,False,False,False,False,18,0,0,1
Hollow Dragon,18.0,241,19,106,True,False,True,True,54,3,3,1
Homunculus,0.0,5,13,57,False,False,True,True,0,0,0,1
Hook Horror Spore Servant,3.0,75,15,52,True,False,False,True,22,0,0,0
Hook Horror,3.0,75,15,68,False,False,False,False,11,0,0,2
Horizonback Tortoise,8.0,227,22,75,False,False,True,True,28,0,0,2
Horned Devil,11.0,178,18,105,True,False,True,True,54,0,0,2
Howling Hatred Initiate,0.125,9,13,65,False,False,False,False,4,0,0,2
Huge Giant Crab,8.0,161,15,68,False,False,False,True,27,0,0,2
Huge Gray Ooze,8.0,152,8,49,True,False,False,True,42,0,0,3
Huge Polar Bear,2.0,65,12,68,False,False,False,False,21,0,0,1
Hulking Crab,5.0,76,17,60,False,False,False,False,40,0,0,2
Hulking Shadow,9.0,133,14,59,False,False,True,True,32,0,0,5
Hundred-Handed One,15.0,243,15,112,False,False,False,True,144,0,0,2
Hungry Sorrowsworn,11.0,225,17,69,True,False,False,False,26,0,0,1
Hunter Shark,2.0,45,12,61,False,False,False,False,13,0,0,2
Husk Zombie,1.0,37,10,56,False,False,True,True,6,0,0,2
Hybrid Flier,2.0,39,13,74,True,False,False,False,22,0,0,0
Hybrid Poisoner,1.0,26,14,82,False,False,True,True,7,0,0,2
Hybrid Shocker,1.0,39,12,72,False,False,True,False,14,0,0,2
Hydra,8.0,172,15,71,False,False,False,False,10,0,0,4
Hypnos Magen,1.0,34,12,73,False,False,True,True,11,0,0,3
Ice Devil,14.0,180,18,104,True,False,True,True,35,0,0,2
Ice Spider Queen,2.0,44,14,59,True,False,False,False,7,0,0,4
Ice Toad,1.0,32,12,61,False,False,True,False,4,0,0,3
Ice Troll,8.0,115,16,71,False,False,True,False,29,0,0,3
Ice Troll,5.0,84,15,74,True,False,False,False,29,0,0,2
Icewind Kobold Zombie,0.125,19,9,42,False,False,True,True,2,0,0,2
Immortal Lotus Monk,5.0,65,15,77,False,False,False,False,7,0,0,1
Imp,1.0,10,13,73,True,False,True,True,5,0,0,3
Incomplete Dragon Skeleton,4.0,58,15,89,False,False,True,True,10,0,0,0
Incubus,4.0,66,15,85,True,False,False,False,32,0,0,2
Infant Basilisk,0.0,4,11,50,False,False,False,False,0,0,0,0
Infant Hook Horror,0.0,4,10,59,False,False,False,False,0,0,0,2
Inquisitor of the Mind Fire,8.0,77,16,88,False,False,False,True,25,0,0,0
Inquisitor of the Sword,8.0,91,16,89,False,False,False,True,8,0,0,1
Inquisitor of the Tome,8.0,77,11,84,False,False,False,True,31,0,0,0
Intellect Devourer,2.0,21,12,66,True,False,False,True,18,0,0,1
Invisible Stalker,6.0,104,14,85,True,False,True,True,20,0,0,2
Iron Consul,2.0,45,16,87,False,False,False,True,6,0,0,1
Iron Defender,1.0,30,17,72,False,False,True,True,6,0,0,2
Iron Golem,16.0,210,20,68,False,False,True,True,45,0,0,4
Ironscale Hydra,12.0,181,17,73,False,False,True,False,17,0,0,5
Istarian Drone,6.0,127,17,66,False,False,True,True,18,0,0,2
Ixitxachitl,0.25,18,15,73,False,False,False,False,4,0,0,0
Jabberwock,13.0,115,18,74,False,True,True,True,42,3,3,3
Jackalwere,0.5,18,12,71,False,False,True,False,5,0,0,3
Jackal,0.0,3,12,55,False,False,False,False,1,0,0,2
Jaculi,0.5,16,14,53,False,False,False,False,9,0,0,2
Jiangshi,9.0,119,16,82,False,False,False,True,57,0,0,2
Juvenile Hook Horror,2.0,39,13,65,False,False,False,False,5,0,0,2
Juvenile Kraken,14.0,207,16,106,True,False,True,True,62,3,0,2
Kalaman Soldier,0.5,16,18,68,False,False,False,False,12,0,0,0
Kalashtar,0.25,16,12,81,True,False,False,False,11,0,0,1
Kamadan,4.0,67,13,73,False,False,False,False,18,0,0,2
Kapak Draconian,3.0,39,15,78,False,False,True,True,5,0,0,2
Keg Robot,2.0,39,14,66,True,False,True,True,7,0,0,1
Kelpie,4.0,67,14,73,True,False,False,True,22,0,0,3
Kender Skirmisher,0.25,14,14,68,False,False,False,True,6,0,0,0
Kiddywidget,0.5,15,16,50,False,False,True,True,8,0,0,1
Killer Whale,3.0,90,12,64,False,False,False,False,21,0,0,3
Kindori,7.0,202,11,76,False,False,False,False,23,0,0,1
Knight of the Mithral Shield,3.0,52,20,78,True,False,False,False,7,0,0,3
Knight of the Order,5.0,136,13,97,True,False,True,True,52,0,0,4
Knight,3.0,52,18,78,False,False,False,False,10,0,0,1
Knucklehead Trout,0.0,7,12,47,False,False,False,False,4,0,0,1
Kobold Dragonshield,1.0,44,15,68,False,False,False,False,8,0,0,4
Kobold Tinkerer,0.25,10,12,62,False,False,False,False,10,0,0,3
Kobold Underling,0.125,7,13,57,False,False,False,False,6,0,0,3
Kobold Vampire Spawn,3.0,39,14,68,True,False,False,False,6,0,0,4
Koi Prawn,0.5,16,13,57,False,False,False,False,4,0,0,2
Kraken,23.0,472,18,126,False,False,True,True,68,3,0,3
Kraul Warrior,0.5,27,18,69,False,False,False,False,5,0,0,3
Kuo-toa Monitor,3.0,65,13,75,False,False,False,False,14,0,0,5
Lacedon,1.0,22,12,61,False,False,True,True,9,0,0,0
Large Mimic,3.0,75,12,70,False,False,True,True,21,0,0,4
Large Mimic,2.0,67,12,70,False,False,True,True,7,0,0,4
Larva,0.0,9,9,46,False,False,False,False,1,0,0,0
Lava Child,3.0,60,11,78,False,False,True,False,18,0,0,1
Lemure,0.0,13,7,41,True,False,True,True,2,0,0,2
Lesser Death Dragon,10.0,199,15,68,True,False,True,True,36,0,0,1
Lesser Mummy Lord,15.0,97,17,90,True,False,True,True,14,0,0,3
Lesser Star Spawn Emissary,19.0,241,19,131,True,False,False,True,18,3,3,2
Leviathan,20.0,328,17,118,True,False,True,True,45,3,3,3
Light Devourer,6.0,119,14,69,False,False,True,False,42,0,0,2
Lightning Golem,5.0,93,9,67,False,False,True,True,26,0,0,5
Liondrake,7.0,119,16,81,False,False,False,False,37,0,0,0
Lion,1.0,26,12,68,False,False,False,False,7,0,0,4
Living Bigby\'s Hand,4.0,52,20,68,False,False,True,True,26,0,0,2
Living Blade of Disaster,8.0,67,14,64,False,False,True,True,26,0,0,3
Living Demiplane,0.0,31,10,33,False,False,True,True,0,0,0,5
Living Doll,2.0,28,11,54,False,False,True,True,11,0,0,3
Lizard King,4.0,78,15,81,False,False,False,True,17,0,0,2
Lizard Queen,4.0,78,15,81,False,False,False,True,17,0,0,2
Lizard,0.0,2,10,35,False,False,False,False,0,0,0,0
Locathah Hunter,2.0,33,14,75,False,False,False,False,22,0,0,2
Locathah,0.5,22,13,69,False,False,False,False,8,0,0,2
Lonely Sorrowsworn,9.0,112,16,68,True,False,False,False,39,0,0,2
Lonelywood Banshee,4.0,58,12,65,True,False,True,True,12,0,0,2
Lords\' Alliance Guard,0.25,11,16,69,False,False,False,False,7,0,0,1
Lords\' Alliance Spy,1.0,27,13,77,False,False,False,False,5,0,0,2
Lost Sorrowsworn,7.0,78,15,62,True,False,False,False,28,0,0,0
Lunar Dragon Wyrmling,2.0,37,15,68,False,False,True,False,13,0,0,2
Mage Hunter,5.0,85,15,88,False,False,False,True,30,0,0,2
Magmin,0.5,9,14,63,True,False,True,False,7,0,0,2
Male Steeder,0.25,13,12,56,False,False,False,False,6,0,0,2
Mammoth,6.0,126,13,74,False,False,False,False,29,0,0,1
Manes,0.125,9,9,47,True,False,True,True,5,0,0,0
Manticore,3.0,68,14,77,False,False,False,False,40,0,0,1
Martial Arts Adept,3.0,60,16,78,False,False,False,False,46,0,0,1
Marut,25.0,432,22,118,True,False,True,True,0,0,3,3
Master Thief,5.0,84,16,77,False,False,False,False,28,0,0,1
Mastiff,0.125,5,12,61,False,False,False,False,4,0,0,1
Maurezhi,7.0,88,15,81,True,False,True,True,26,0,0,2
Maw Demon,1.0,33,13,53,True,False,True,True,11,0,0,0
Meazel,1.0,35,13,71,False,False,False,False,6,0,0,0
Mechachimera,6.0,114,14,76,False,False,True,False,63,0,0,0
Medusa,6.0,127,15,81,False,False,False,False,26,0,0,1
Medusa,6.0,127,15,81,False,False,False,False,28,0,0,1
Meenlock,2.0,31,15,63,False,False,False,True,7,0,0,2
Meeseeks,0.0,2,10,60,False,False,False,False,2,0,0,0
Megapede,11.0,175,15,63,False,False,False,False,60,0,0,0
Merfolk Scout,0.5,16,13,72,False,False,False,False,5,0,0,2
Merregon,4.0,45,16,75,True,False,True,True,27,0,0,2
Metal Wasp,0.5,13,16,48,False,False,True,True,5,0,0,0
Metallic Peacekeeper,4.0,68,17,82,False,False,True,True,32,0,0,2
Metallic Warbler,0.25,14,14,62,False,False,True,True,4,0,0,2
Mimic Chair,2.0,30,12,70,False,False,True,True,7,0,0,4
Mimic,2.0,58,12,70,False,False,True,True,7,0,0,4
Mindwitness,5.0,75,15,78,False,False,False,True,63,0,0,1
Molten Magma Roper,5.0,93,20,72,False,True,True,False,38,0,0,3
Monastic Operative,5.0,84,17,87,False,False,False,False,45,0,0,1
Mongrelfolk,0.25,26,11,61,False,False,False,False,9,0,0,2
Monodrone,0.125,5,15,54,False,False,False,False,3,0,0,2
Monstrous Peryton,11.0,144,14,82,False,False,False,False,28,3,3,2
Moonshark,5.0,126,13,71,False,False,False,False,22,0,0,3
Moonstone Dragon Wyrmling,2.0,39,17,91,False,False,False,True,14,0,0,0
Mouth of Grolantor,6.0,105,14,66,False,False,False,True,18,0,0,1
Mule,0.125,11,10,54,False,False,False,False,4,0,0,2
Mummy,3.0,58,11,67,True,True,True,True,10,0,0,0
Murder Comet,5.0,66,19,72,False,False,True,True,19,0,0,5
Murgaxor,9.0,127,16,87,True,False,False,True,42,0,0,3
Myconid Adult,0.5,22,12,62,False,False,False,False,5,0,0,2
Myconid Sovereign,2.0,60,13,74,False,False,False,False,8,0,0,2
Myconid Sprout,0.0,7,10,52,False,False,False,False,1,0,0,2
Nabassu,15.0,190,18,103,True,False,True,True,79,0,0,3
Narzugon,13.0,112,20,96,True,False,True,True,33,0,0,2
Necrichor,7.0,67,12,80,True,False,False,True,12,0,2,3
Necromite of Myrkul,0.5,13,11,75,False,False,False,False,8,0,0,0
Necrotic Centipede,11.0,195,17,77,False,False,True,False,40,0,0,1
Neogi Hatchling Swarm,3.0,52,11,64,True,False,False,True,22,0,0,2
Neogi Hatchling,0.125,7,11,51,False,False,False,False,3,0,0,2
Neogi Pirate,3.0,33,16,75,False,False,False,False,18,0,0,2
Neogi,3.0,33,15,76,False,False,False,False,22,0,0,2
Nereid,2.0,44,13,82,False,False,False,False,22,0,0,5
Night Blade,0.25,11,12,73,False,False,False,False,4,0,0,1
Night Scavver,5.0,114,14,64,False,False,False,False,27,0,0,1
Nightmare,3.0,68,13,87,False,False,True,False,13,0,0,2
Nightsea chil-liren,0.125,11,11,69,False,False,False,False,3,0,0,1
Nightveil Specter,10.0,105,17,87,True,False,True,True,22,0,0,1
Nightwalker,20.0,337,14,88,True,False,True,True,95,0,0,3
Nimblewright,4.0,45,18,71,True,False,False,True,22,0,0,4
Noble,0.125,9,15,76,False,False,False,False,5,0,0,0
Nosferatu,8.0,85,17,96,True,False,False,True,27,0,0,4
Nothic,2.0,45,15,77,False,False,False,False,12,0,0,1
Nupperibo,0.5,11,13,52,True,False,True,True,6,0,0,2
Oblex Spawn,0.25,18,13,74,False,False,False,True,5,0,0,3
Octopus,0.0,3,12,47,False,False,False,False,0,0,0,3
Ogre Bolt Launcher,2.0,59,13,66,False,False,False,False,17,0,0,0
Ogre Chain Brute,3.0,59,11,62,False,False,False,False,13,0,0,0
Ogre Goblin Hucker,2.0,59,11,62,False,False,False,False,13,0,0,0
Ogre Howdah,2.0,59,15,62,False,False,False,False,11,0,0,1
Ogre Skeleton,2.0,59,11,62,False,True,True,True,13,0,0,0
Ogre,2.0,59,11,62,False,False,False,False,13,0,0,0
Orc Blade of Ilneval,4.0,60,18,81,False,False,False,False,36,0,0,2
Orc Nurtured One of Yurtrus,0.5,30,9,64,False,False,False,False,4,0,0,3
Orc Red Fang of Shargaas,3.0,52,15,71,False,False,False,False,36,0,0,4
Orc War Chief,4.0,93,16,86,False,False,False,False,27,0,0,2
Oriq Blood Mage,9.0,127,16,87,True,False,False,True,42,0,0,3
Orzhov Giant,6.0,84,18,90,False,False,False,False,50,0,0,1
Otyugh,5.0,114,14,71,False,False,False,False,26,0,0,1
Owlbear,3.0,59,13,71,False,False,False,False,24,0,0,1
Owl,0.0,1,11,45,False,False,False,False,0,0,0,2
Ox,0.25,15,10,58,False,False,False,False,7,0,0,1
Panther,0.25,13,12,63,False,False,False,False,5,0,0,2
Paper Bird,0.0,1,13,51,False,True,True,True,0,0,0,1
Paper Whirlwind,0.25,24,12,49,True,True,False,True,7,0,0,1
Parasite-infested Behir,11.0,168,17,90,False,False,True,False,66,0,0,0
Peacock,0.0,5,10,48,False,False,False,False,2,0,0,2
Pegasus,2.0,59,12,87,False,False,False,False,11,0,0,0
Pentadrone,2.0,32,16,74,False,False,False,False,25,0,0,2
Peryton,2.0,33,13,72,True,False,False,False,8,0,0,3
Pest Mascot,0.25,22,13,64,False,False,False,False,4,0,0,2
Phantom Warrior (Archer),3.0,45,16,76,True,False,True,True,18,0,0,3
Phantom Warrior,3.0,45,16,76,True,False,True,True,14,0,0,3
Phase Spider,3.0,32,13,64,False,False,False,False,7,0,0,3
Phoenix,16.0,175,18,111,True,False,True,True,32,3,3,5
Phylaskia,9.0,104,18,93,False,False,True,True,40,0,0,3
Pig,0.0,5,11,52,False,False,False,False,0,0,0,0
Pirate Bosun,0.5,27,12,74,False,False,False,False,7,0,0,2
Pirate Captain,2.0,45,14,79,False,False,False,False,14,0,0,2
Pirate First Mate,1.0,26,16,73,False,False,False,False,12,0,0,1
Poison Weird,4.0,58,13,77,True,False,True,True,13,0,0,3
Poisonous Snake,0.125,2,13,43,False,False,False,False,5,0,0,0
Polar Bear,2.0,42,12,68,False,False,False,False,21,0,0,1
Polukranos,19.0,232,17,89,False,False,True,False,18,3,3,6
Pony,0.125,11,10,58,False,False,False,False,7,0,0,0
Priest of Osybus,6.0,60,14,86,False,False,False,True,17,0,0,1
Pseudodragon,0.25,7,13,66,False,False,False,False,4,0,0,3
Pterafolk,1.0,26,12,70,False,False,False,False,35,0,0,1
Purple Wormling,2.0,42,12,48,False,False,False,False,9,0,0,0
Quadrone,1.0,22,16,69,False,False,False,False,26,0,0,2
Quaggoth Spore Servant,1.0,45,13,54,False,False,True,True,12,0,0,0
Quickling,1.0,10,16,69,False,False,False,False,24,0,0,2
Quipper,0.0,1,13,37,False,False,False,False,0,0,0,2
"Rakdos Performer, Blade Juggler",1.0,22,13,75,False,False,False,False,15,0,0,1
"Rakdos Performer, Fire Eater",1.0,22,13,75,False,False,False,False,12,0,0,1
"Rakdos Performer, High-Wire Acrobat",1.0,22,13,75,False,False,False,False,14,0,0,1
Rat,0.0,1,10,38,False,False,False,False,0,0,0,1
Razerblast,5.0,112,17,75,False,False,True,False,6,0,0,2
Red Abishai,19.0,289,22,106,True,False,True,True,39,0,0,2
Red Dragon Wyrmling,4.0,75,17,84,False,False,True,False,24,0,0,0
Red Greatwyrm,27.0,533,22,141,False,False,True,True,78,3,4,2
Redbrand Ruffian,0.5,16,14,66,False,False,False,False,5,0,0,0
Redcap,3.0,45,14,80,False,False,False,False,27,0,0,2
Reduced-Threat Aboleth,10.0,67,17,96,False,False,False,False,36,3,0,4
Reduced-Threat Basilisk,3.0,26,15,56,False,False,False,False,10,0,0,2
Reduced-Threat Behir,11.0,84,17,90,False,False,True,False,66,0,0,1
Reduced-Threat Beholder,13.0,90,18,91,False,False,False,True,36,3,0,2
Reduced-Threat Black Pudding,4.0,42,7,45,False,False,True,True,6,0,0,4
Reduced-Threat Carrion Crawler,2.0,25,13,61,False,False,False,False,11,0,0,3
Reduced-Threat Clay Golem,9.0,66,14,59,False,False,True,True,32,0,0,6
Reduced-Threat Darkmantle,0.5,11,11,58,False,False,False,False,6,0,0,3
Reduced-Threat Displacer Beast,3.0,42,13,75,False,False,False,False,14,0,0,3
Reduced-Threat Dragon Turtle,17.0,170,20,89,True,False,False,False,58,0,0,2
Reduced-Threat Ettercap,2.0,22,13,69,False,False,False,False,13,0,0,4
Reduced-Threat Flesh Golem,5.0,46,9,67,False,False,True,True,26,0,0,7
Reduced-Threat Gray Ooze,0.5,11,8,43,True,False,False,True,4,0,0,4
Reduced-Threat Helmed Horror,4.0,30,20,77,True,False,True,True,16,0,0,3
Reduced-Threat Hezrou,8.0,68,16,86,True,False,True,True,37,0,0,3
Reduced-Threat Hook Horror,3.0,37,15,68,False,False,False,False,11,0,0,3
Reduced-Threat Ochre Jelly,2.0,22,8,44,True,False,True,True,9,0,0,3
Reduced-Threat Otyugh,5.0,57,14,71,False,False,False,False,26,0,0,2
Reduced-Threat Owlbear,3.0,29,13,71,False,False,False,False,24,0,0,2
Reduced-Threat Peryton,2.0,16,13,72,True,False,False,False,8,0,0,4
Reduced-Threat Remorhaz,11.0,97,17,77,False,False,True,False,40,0,0,2
Reduced-Threat Stone Golem,10.0,89,17,66,False,False,True,True,38,0,0,4
Reduced-Threat Vrock,6.0,52,15,79,True,False,True,True,24,0,0,2
Reduced-Threat Wight,3.0,22,14,83,True,False,True,True,29,0,0,2
Reduced-Threat Wyvern,6.0,55,13,68,False,False,False,False,35,0,0,1
Reef Shark,0.5,22,12,55,False,False,False,False,6,0,0,2
Reflection,0.5,16,12,57,True,True,True,True,9,0,0,3
Regenerating Black Pudding,5.0,85,7,50,False,False,True,True,6,0,0,4
Reghed Chieftain,5.0,112,16,86,False,False,False,False,11,0,0,2
Reghed Great Warrior,5.0,112,16,86,False,False,False,False,11,0,0,2
Relentless Juggernaut,12.0,161,17,95,False,False,False,True,22,3,3,2
Relentless Slasher,8.0,84,15,89,False,False,False,True,6,3,1,1
Relic Sloth,2.0,76,13,68,False,False,False,False,14,0,0,0
Remorhaz,11.0,195,17,77,False,False,True,False,40,0,0,1
Replica Duodrone,0.25,11,15,59,False,False,False,False,12,0,0,2
Replica Monodrone,0.125,5,15,54,False,False,False,False,3,0,0,2
Replica Pentadrone,2.0,32,16,74,False,False,False,False,25,0,0,2
Replica Quadrone,1.0,22,16,69,False,False,False,False,26,0,0,2
Replica Tridrone,0.5,16,15,65,False,False,False,False,21,0,0,2
Returned Drifter,0.25,11,13,74,True,False,True,True,5,0,0,2
Returned Kakomantis,4.0,65,15,81,True,False,True,True,11,0,0,3
Returned Palamnite,4.0,65,15,81,True,False,True,True,12,0,0,3
Returned Sentry,1.0,22,15,76,True,False,True,True,6,0,0,3
Revenant,5.0,136,13,97,True,False,True,True,22,0,0,4
Riding Horse,0.25,13,10,58,False,False,False,False,8,0,0,0
Roc,11.0,248,15,80,False,False,False,False,50,0,0,1
Rooster,0.0,1,13,51,False,False,False,False,0,0,0,1
Roper,5.0,93,20,72,False,False,False,False,22,0,0,3
Rot Troll,9.0,138,16,70,False,False,True,False,11,0,0,1
Rowboat Mimic,2.0,67,12,70,False,False,True,True,7,0,0,4
Rubblebelt Stalker,0.5,11,14,69,False,False,False,False,15,0,0,4
Ruin Grinder,5.0,82,16,64,False,False,True,True,26,0,0,3
Runed Behir,11.0,168,17,90,False,False,True,False,66,3,0,0
Rust Monster,0.5,27,14,59,False,False,False,False,5,0,0,2
Rutterkin,2.0,37,12,69,True,False,True,True,12,0,0,1
Saber-Toothed Tiger,2.0,52,12,70,False,False,False,False,12,0,0,2
Sacred Stone Monk,0.5,22,14,73,False,False,False,False,5,0,0,2
Sahuagin Baron,5.0,76,16,94,False,False,False,False,42,0,0,3
Sahuagin Blademaster,6.0,97,20,77,False,False,False,False,58,0,0,3
Sahuagin Champion,3.0,71,16,76,False,False,False,False,35,0,0,3
Sahuagin Coral Smasher,1.0,33,14,74,False,False,False,False,24,0,0,4
Sahuagin Deep Diver,4.0,91,15,79,False,False,False,False,45,0,0,5
Sahuagin Hatchling Swarm,3.0,52,14,55,True,False,False,True,14,0,0,4
Sahuagin,0.5,22,12,70,False,False,False,False,10,0,0,3
Salamander,5.0,90,15,80,True,True,True,False,22,0,0,2
Satyr Reveler,1.0,33,13,79,False,False,False,False,24,0,0,3
Satyr Thornbearer,2.0,38,15,80,False,False,False,False,39,0,0,2
Scaladar,8.0,94,19,68,True,False,True,True,29,0,0,2
Scholarly Excavator,3.0,67,16,85,False,False,False,False,21,0,0,1
Scorchbringer Guard,0.5,11,16,68,False,False,False,False,7,0,0,1
Scorpion,0.0,1,11,32,False,False,False,False,4,0,0,0
Scout,0.5,16,13,72,False,False,False,False,6,0,0,1
Scrag,5.0,84,15,74,False,False,False,False,29,0,0,2
Scufflecup Teacup,0.0,5,12,35,False,False,True,True,4,0,0,0
Sea Elf Scout,0.5,16,13,72,False,False,False,False,6,0,0,3
Sea Hag,2.0,52,14,82,False,False,False,False,10,0,0,2
Sea Horse,0.0,1,11,34,False,False,False,False,0,0,0,1
Sea Lion,5.0,90,15,70,False,False,False,False,36,0,0,4
Sea Spawn,1.0,32,11,62,False,False,False,False,12,0,0,1
Seal,0.0,9,11,53,False,False,False,False,0,0,0,2
Sentient Gray Ooze,0.5,22,8,47,True,False,False,True,4,0,0,3
Sergeant,0.125,11,16,68,False,False,False,False,4,0,0,0
Sergeant,0.125,11,16,68,False,False,False,False,4,0,0,0
Servitor Thrull,0.25,22,11,53,False,False,True,True,5,0,0,0
Shadow Assassin,9.0,78,14,78,True,True,True,True,14,0,0,3
Shadow Horror,9.0,120,13,79,False,True,False,True,47,0,0,4
Shadow Mastiff Alpha,3.0,44,12,66,True,False,False,False,10,0,0,2
Shadow Mastiff,2.0,33,12,65,True,False,False,False,10,0,0,2
Shadow,0.5,16,12,57,True,True,True,True,9,0,0,3
Shambling Mound,5.0,136,15,62,True,False,True,True,13,0,0,1
Shapechanged Roper,5.0,93,20,72,False,False,False,False,22,0,0,4
Shard Shunner,2.0,27,12,66,False,False,True,False,5,0,0,4
Sharkbody Abomination,2.0,45,12,61,False,False,False,False,13,0,0,3
Shell Shark,2.0,32,18,61,False,False,False,False,26,0,0,3
Shield Dwarf Guard,0.125,11,16,68,True,False,False,False,5,0,0,1
Shield Dwarf Noble,0.125,9,15,76,True,False,False,False,5,0,0,1
Shield Guardian,7.0,142,17,64,False,False,True,True,22,0,0,3
Shifter,0.5,19,14,78,False,False,False,False,6,0,0,1
Shoosuva,8.0,136,14,78,True,False,True,True,39,0,0,0
Silver Dragon Wyrmling,2.0,45,17,84,False,False,True,False,18,0,0,0
Silver Greatwyrm,28.0,565,22,148,False,False,True,True,84,3,4,2
Sivak Draconian,4.0,57,16,79,False,False,False,False,34,0,0,1
Skeletal Bloodfin,9.0,93,16,65,True,False,True,True,33,0,0,2
Skeletal Juggernaut,5.0,142,13,64,False,True,True,True,24,0,0,2
Skeletal Knight,7.0,112,18,83,False,False,True,True,59,0,0,2
Skeletal Rats,0.25,24,10,44,True,False,False,True,7,0,0,2
Skeletal Swarm,2.0,60,13,60,True,True,True,True,11,0,0,2
Skeleton,0.25,13,13,58,False,True,True,True,5,0,0,0
Skitterwidget,5.0,85,18,62,False,False,True,True,16,0,0,2
Skulk,0.5,18,14,53,False,False,False,True,6,0,0,2
Skull Flier,0.5,24,16,48,False,False,True,True,5,0,0,0
Skum,5.0,93,14,76,True,False,False,False,32,0,0,4
Skyjek Roc,2.0,37,15,68,False,False,False,False,19,0,0,1
Sled Dog,0.25,11,13,60,False,False,False,False,7,0,0,2
Slithering Bloodfin,9.0,93,16,65,False,False,True,True,33,0,0,2
Slithering Tracker,3.0,39,14,85,True,True,False,True,16,0,0,3
Snake Horror,4.0,60,20,77,True,False,True,True,16,0,0,2
Snow Golem,3.0,39,8,43,False,True,True,True,9,0,0,4
Snow Leopard,1.0,37,12,69,False,False,False,False,8,0,0,2
Snowy Owlbear,3.0,59,13,71,False,False,False,False,24,0,0,1
Solar Dragon Wyrmling,3.0,51,15,82,False,False,True,True,22,0,0,2
Soldier,0.5,16,18,69,False,False,False,False,6,0,0,1
Sorrowfish,0.0,1,13,37,False,False,True,False,0,0,0,2
Soul Shaker,4.0,76,13,79,True,False,True,True,14,0,0,3
Space Eel,0.5,7,14,53,False,False,False,False,7,0,0,1
Space Guppy,0.0,3,13,41,False,False,False,False,0,0,0,2
Space Hamster,0.25,10,15,55,False,False,False,False,8,0,0,0
Space Hamster,0.0,1,10,38,False,False,False,False,0,0,0,1
Space Swine,0.25,22,11,53,False,False,False,False,4,0,0,0
Spawn of Kyuss,5.0,76,10,60,False,False,True,True,19,0,0,3
Spectator,3.0,39,14,74,False,False,False,True,16,0,0,0
Sperm Whale,8.0,189,13,71,False,False,False,False,39,0,0,3
Spiked Tomb Guardian,6.0,93,17,67,False,False,True,True,26,0,0,7
Spined Devil,2.0,22,13,70,True,False,True,True,16,0,0,4
Spitting Mimic,5.0,85,14,84,False,False,True,True,40,0,0,5
Splugoth the Returned,2.0,27,15,71,False,False,False,False,8,0,0,3
Sprite,0.25,2,15,69,False,False,False,False,0,0,0,0
Spy,1.0,27,12,77,False,False,False,False,5,0,0,2
Star Spawn Grue,0.25,17,11,55,False,False,True,False,6,0,0,1
Star Spawn Hulk,10.0,136,16,77,True,False,False,True,14,0,0,1
Star Spawn Seer,13.0,153,17,101,True,False,True,True,47,0,0,1
Starlight Apparition,5.0,72,10,72,True,False,True,True,20,0,0,4
Statue of Vergadain,10.0,178,17,66,False,False,True,True,38,0,0,4
Stegosaurus,4.0,76,13,64,False,False,False,False,26,0,0,0
Stirge,0.125,2,14,47,False,False,False,False,5,0,0,0
Stone Cursed,1.0,19,17,55,False,True,True,True,12,0,0,3
Stone Giant Dreamwalker,10.0,161,18,88,False,False,False,True,70,0,0,1
Stone Giant,7.0,126,17,89,False,False,False,False,38,0,0,1
Stone Juggernaut,12.0,157,15,87,False,False,True,True,25,0,0,4
Storm Giant Skeleton,16.0,204,13,70,True,True,True,True,130,0,0,0
Strahd Zombie,1.0,30,8,49,False,False,True,True,11,0,0,1
Strigoi,4.0,52,16,85,True,False,False,True,15,0,0,1
Strixhaven Campus Guide,1.0,31,17,76,False,False,True,True,12,0,0,3
Su-monster,1.0,27,12,72,False,False,False,False,17,0,0,0
Succubus,4.0,66,15,85,True,False,False,False,32,0,0,2
Summer Eladrin,10.0,165,19,100,True,False,False,False,40,0,0,2
Sunder Shaman,10.0,138,20,90,False,False,False,False,28,0,0,3
Swarm of Animated Books,0.25,22,12,47,False,True,True,True,6,0,0,2
Swarm of Bats,0.25,22,12,48,True,False,False,True,5,0,0,3
Swarm of Beetles,0.5,22,12,35,True,False,False,True,10,0,0,1
Swarm of Books,0.25,22,12,48,True,False,False,True,5,0,0,1
Swarm of Campestris,1.0,27,12,42,True,False,False,True,10,0,0,2
Swarm of Centipedes,0.5,22,12,35,True,False,False,True,10,0,0,1
Swarm of Gremishkas,2.0,24,12,66,True,False,False,True,12,0,0,2
Swarm of Hoard Scarabs,2.0,31,14,50,True,False,False,True,13,0,0,2
Swarm of Insects,0.5,22,12,35,True,False,False,True,10,0,0,1
Swarm of Maggots,2.0,22,11,34,True,False,False,True,10,0,0,1
Swarm of Mechanical Spiders,0.5,22,12,35,True,True,False,True,10,0,0,5
Swarm of Poisonous Snakes,2.0,36,14,51,True,False,False,True,7,0,0,1
Swarm of Quippers,1.0,28,13,48,True,False,False,True,14,0,0,3
Swarm of Rats,0.25,24,10,44,True,False,False,True,7,0,0,2
Swarm of Ravens,0.25,24,12,49,True,False,False,True,7,0,0,1
Swarm of Rot Grubs,0.5,22,8,23,True,True,False,True,7,0,0,1
Swarm of Scarabs,3.0,27,13,44,True,False,False,True,14,0,0,3
Swarm of Sorrowfish,6.0,104,14,64,True,False,True,True,24,0,0,3
Swarm of Spiders,0.5,22,12,35,True,False,False,True,10,0,0,4
Swarm of Undead Snakes,2.0,36,14,51,True,False,True,True,7,0,0,1
Swarm of Wasps,0.5,22,12,35,True,False,False,True,10,0,0,1
Swarm of Zombie Limbs,1.0,22,10,50,True,False,True,True,12,0,0,2
Swashbuckler,3.0,66,17,82,False,False,False,False,22,0,0,1
Swavain Basilisk,7.0,85,16,63,False,False,True,True,27,0,0,2
Sword Wraith Commander,8.0,127,18,87,True,False,True,True,22,0,0,2
Sword Wraith Warrior,3.0,45,16,72,True,False,True,True,8,0,0,1
Tabaxi Hunter,1.0,40,14,80,False,False,False,False,16,0,0,1
Tabaxi Minstrel,0.25,22,12,78,False,False,False,False,12,0,0,2
Tarrasque,30.0,676,25,96,False,False,True,True,204,3,3,3
Telepathic Pentacle,8.0,172,15,71,False,False,False,False,10,0,0,4
Terracotta Warrior,1.0,33,18,43,False,False,True,True,5,0,0,3
Thayan Warrior,2.0,52,16,75,False,False,False,False,7,0,0,2
The Bagman,5.0,84,15,74,False,False,False,False,29,0,0,5
Theran Chimera,7.0,95,15,77,False,False,False,False,66,0,0,1
Thessalhydra,4.0,69,14,73,False,False,True,True,18,2,0,0
Thorny Vegepygmy,1.0,27,14,56,True,False,False,False,10,0,0,3
Thri-kreen Gladiator,7.0,142,17,88,False,False,False,True,33,0,0,0
Thri-kreen Hunter,2.0,60,16,77,False,False,False,False,18,0,0,0
Thri-kreen,1.0,33,15,67,False,False,False,False,10,0,0,2
Thunderbeast Skeleton,3.0,68,15,64,False,True,True,True,18,0,0,0
Tiefling Acrobat,0.0,4,10,60,False,False,False,False,2,0,0,0
Tiger,1.0,37,12,69,False,False,False,False,8,0,0,2
Tlexolotl,10.0,104,15,81,False,False,True,True,23,0,0,3
Tlincalli,5.0,85,15,73,False,False,False,False,19,0,0,0
Tomb Guardian,5.0,93,17,67,False,False,True,True,26,0,0,6
Tomb Tapper,10.0,207,17,92,True,False,True,True,38,0,0,4
Tressym,0.0,5,12,63,False,False,True,True,0,0,0,4
Tressym,0.0,5,12,63,False,False,True,True,0,0,0,4
Triceratops,5.0,95,13,66,False,False,False,False,24,0,0,1
Tridrone,0.5,16,15,65,False,False,False,False,21,0,0,2
Troll,5.0,84,15,74,False,False,False,False,29,0,0,2
Tromokratis,26.0,409,22,113,True,False,True,True,63,3,3,5
Two-Headed Cerberus,2.0,39,12,65,False,False,True,True,10,0,0,3
Typhon,15.0,195,17,86,False,False,True,False,78,0,0,2
Tyrannosaurus Rex,8.0,136,13,77,False,False,False,False,53,0,0,0
Tyrannosaurus Zombie,8.0,136,11,59,False,False,True,True,53,0,0,2
Umber Hulk,5.0,93,18,78,False,False,False,False,32,0,0,2
Undead Cockatrice,0.5,27,11,50,False,False,True,True,3,0,0,0
Undead Shambling Mound,5.0,136,15,62,True,False,True,True,13,0,0,1
Undead Soldier,3.0,45,18,83,True,False,True,True,29,0,0,0
Underworld Cerberus,6.0,104,16,84,False,False,True,True,33,0,0,3
Unspeakable Horror,8.0,95,17,87,False,False,False,False,45,0,0,4
Valenar Hawk,0.125,10,14,72,False,False,False,False,6,0,0,2
Valenar Hound,0.5,19,14,82,False,False,False,False,6,0,0,2
Valenar Steed,0.5,22,13,80,False,False,False,False,10,0,0,1
Vampirate Captain,6.0,85,15,90,False,True,True,True,22,0,0,3
Vampirate,2.0,42,14,77,False,True,True,True,11,0,0,3
Vampire Spawn,5.0,82,15,81,True,False,False,False,8,0,0,3
Vampire Warrior,15.0,144,18,104,True,False,False,False,22,3,3,5
Vampire,13.0,144,16,104,True,False,False,False,8,3,3,5
Vampiric Ixitxachitl,2.0,44,16,77,False,False,False,False,6,0,0,0
Vampiric Mind Flayer,5.0,85,15,92,True,False,False,True,23,0,0,3
Vampiric Mist,3.0,30,13,63,True,False,True,True,10,0,0,5
Vargouille,1.0,18,12,47,True,False,True,True,5,0,0,0
Vegepygmy Chief,2.0,33,14,70,True,False,False,False,10,0,0,2
Vegepygmy,0.25,13,13,58,True,False,False,False,5,0,0,2
Venom Troll,7.0,94,15,74,False,False,True,True,11,0,0,2
Verbeeg Marauder,4.0,85,14,76,False,False,False,False,14,0,0,1
Veteran of the Gauntlet,3.0,58,17,74,False,False,False,False,20,0,0,0
Veteran,3.0,58,17,74,False,False,False,False,20,0,0,0
Vistana Assassin,8.0,78,15,75,True,False,False,False,12,0,0,3
Vistana Bandit Captain,2.0,65,15,84,False,False,False,False,17,0,0,0
Vistana Bandit,0.125,11,12,65,False,False,False,False,5,0,0,0
Vistana Commoner,0.0,4,10,60,False,False,False,False,2,0,0,0
Vistana Guard,0.125,11,16,68,False,False,False,False,4,0,0,0
Vistana Spy,1.0,27,12,77,False,False,False,False,5,0,0,2
Void Scavver,11.0,157,15,79,False,False,False,False,45,0,0,1
Vox Seeker,0.125,7,14,36,False,False,True,True,2,0,0,2
Vulture,0.0,5,10,48,False,False,False,False,2,0,0,2
Walking Statue of Waterdeep,18.0,314,17,77,False,False,True,True,43,0,0,4
Warforged Colossus,25.0,410,23,93,False,False,True,True,98,0,3,4
Warforged Soldier,1.0,30,16,79,True,False,False,False,12,0,0,1
Warforged Titan,8.0,125,20,68,False,False,True,True,38,0,0,2
Warhorse Skeleton,0.5,22,13,60,False,True,True,True,11,0,0,0
Warhorse,0.5,19,11,64,False,False,False,False,11,0,0,1
Warlord,12.0,229,18,96,False,False,False,False,24,3,0,2
Wastrilith,13.0,157,18,103,True,False,True,True,74,0,0,3
Water Elemental Myrmidon,7.0,127,18,75,True,False,True,True,21,0,0,0
Water Elemental,5.0,114,14,73,True,False,True,True,26,0,0,2
Water Weird,3.0,58,13,77,True,False,True,True,13,0,0,2
Weasel,0.0,1,13,44,False,False,False,False,0,0,0,1
Werebat,2.0,24,13,65,False,False,True,False,30,0,0,5
Werebear,5.0,135,11,81,False,False,True,False,46,0,0,2
Werejaguar,4.0,120,12,82,False,False,True,False,38,0,0,3
Wererat,2.0,33,12,66,False,False,True,False,5,0,0,2
Weretiger,4.0,120,12,82,False,False,True,False,38,0,0,3
Werewolf,3.0,58,12,73,False,False,True,False,23,0,0,2
Whistler,9.0,180,15,92,True,False,False,True,45,0,0,2
White Abishai,6.0,68,15,81,True,False,True,True,20,0,0,3
White Dragon Wyrmling,2.0,32,16,64,False,False,True,False,22,0,0,0
White Greatwyrm,27.0,533,22,141,False,False,True,True,78,3,4,2
Wild Dog,0.0,3,12,55,False,False,False,False,1,0,0,2
Will-o\'-Wells,2.0,22,19,77,True,False,True,True,9,0,0,4
Will-o\'-Wisp,2.0,22,19,77,True,False,True,True,9,0,0,4
Wine Weird,3.0,58,13,77,True,False,True,True,13,0,0,2
Winged Thrull,0.5,31,12,61,False,False,True,True,7,0,0,0
Winter Wolf,3.0,75,13,72,False,False,True,False,18,0,0,3
Woe Strider,7.0,110,17,85,False,False,False,True,13,0,0,1
Wolf,0.25,11,13,60,False,False,False,False,7,0,0,2
Wood Elf,0.5,16,13,72,False,False,False,False,6,0,0,3
Wood Woad,5.0,75,18,77,True,True,False,True,28,0,0,3
Wooden Donkey,0.125,11,10,54,False,False,True,True,4,0,0,2
Worg,0.5,26,13,68,False,False,False,False,10,0,0,1
Wretched Sorrowsworn,0.25,10,15,44,True,False,False,False,6,0,0,1
Wurm,14.0,200,18,75,False,False,False,False,24,0,0,3
Wynling,0.5,21,15,76,False,False,False,False,7,0,0,0
Wyvern,6.0,110,13,68,False,False,False,False,35,0,0,0
Xorn,5.0,73,19,81,True,False,False,False,31,0,0,3
Xvart Speaker,0.125,7,13,59,False,False,False,False,5,0,0,3
Xvart,0.125,7,13,54,False,False,False,False,4,0,0,1
Y\'demi,9.0,127,16,87,True,False,False,True,42,0,0,3
Yeth Hound,4.0,51,14,75,False,False,True,True,11,0,0,2
Yeti Leader,3.0,51,12,74,False,False,True,False,20,0,0,3
Yeti Tyke,0.125,9,11,52,False,False,True,False,2,0,0,2
Yeti,3.0,51,12,74,False,False,True,False,24,0,0,3
Young Basilisk,1.0,22,13,53,False,False,False,False,3,0,0,1
Young Blue Dragon,9.0,152,18,94,False,False,True,False,55,0,0,0
Young Brass Dragon,6.0,110,17,84,False,False,True,False,42,0,0,0
Young Cloud Giant,5.0,105,13,82,False,False,False,False,36,0,0,0
Young Copper Dragon,7.0,119,17,92,False,False,True,False,40,0,0,0
Young Deep Dragon,5.0,93,16,89,True,False,False,True,23,0,0,0
Young Fire Giant,2.0,59,11,62,False,False,True,False,13,0,0,0
Young Frost Giant,2.0,59,11,62,False,False,True,False,13,0,0,0
Young Griffon (Medium),1.0,32,12,66,False,False,False,False,10,0,0,1
Young Griffon (Small),0.25,13,12,62,False,False,False,False,4,0,0,1
Young Griffon (Tiny),0.0,5,12,56,False,False,False,False,0,0,0,1
Young Hook Horror,0.25,11,11,62,False,False,False,False,3,0,0,2
Young Lunar Dragon,7.0,123,16,80,False,False,True,False,27,0,0,2
Young Red Dragon,10.0,178,18,98,False,False,True,False,56,0,0,0
Young Red Shadow Dragon,13.0,178,18,98,True,False,True,False,56,0,0,3
Young Remorhaz,5.0,93,14,65,False,False,True,False,20,0,0,1
Young Silver Dragon,9.0,168,18,98,False,False,True,False,54,0,0,0
Young Solar Dragon,9.0,178,16,94,False,False,True,True,44,0,0,2
Young White Dragon,6.0,133,17,75,False,False,True,False,45,0,0,1
Young Winter Wolf,1.0,37,14,69,False,False,False,False,10,0,0,2
Zebra,0.25,13,10,58,False,False,False,False,8,0,0,0
Zhent Martial Arts Adept,3.0,49,16,78,False,False,False,False,36,0,0,3
Zodar,16.0,200,20,111,False,False,True,True,64,0,3,3
Zombie Clot,6.0,104,12,67,False,False,True,True,36,0,0,3
Zombie Plague Spreader,4.0,78,10,54,True,False,True,True,14,0,0,3
Zorbo,0.5,27,10,59,False,False,False,False,8,0,0,2
